{"Packages":[{"Package":{"Id":"Microsoft.Activities","Version":"1.0.1"},"Assemblies":["C:\\Users\\hibot\\.nuget\\packages\\microsoft.activities/1.0.1\\lib/net45/Microsoft.Activities.Design.dll","C:\\Users\\hibot\\.nuget\\packages\\microsoft.activities/1.0.1\\lib/net45/Microsoft.Activities.Design.Services.dll","C:\\Users\\hibot\\.nuget\\packages\\microsoft.activities/1.0.1\\lib/net45/Microsoft.Activities.dll","C:\\Users\\hibot\\.nuget\\packages\\microsoft.activities/1.0.1\\lib/net45/Microsoft.Workflow.Client.dll","C:\\Users\\hibot\\.nuget\\packages\\microsoft.activities/1.0.1\\lib/net45/Microsoft.Workflow.Common.dll","C:\\Users\\hibot\\.nuget\\packages\\microsoft.activities/1.0.1\\lib/net45/Microsoft.Workflow.Tracing.dll"]},{"Package":{"Id":"Microsoft.Activities.Extensions","Version":"2.0.6.9"},"Assemblies":["C:\\Users\\hibot\\.nuget\\packages\\microsoft.activities.extensions/2.0.6.9\\lib/Net45/Microsoft.Activities.Extensions.Design.dll","C:\\Users\\hibot\\.nuget\\packages\\microsoft.activities.extensions/2.0.6.9\\lib/Net45/Microsoft.Activities.Extensions.dll"]},{"Package":{"Id":"Twilio.Workflow.Activities","Version":"1.0.0"},"Assemblies":["C:\\Users\\hibot\\.nuget\\packages\\restsharp/105.0.1\\lib/net4/RestSharp.dll","C:\\Users\\hibot\\.nuget\\packages\\twilio/3.6.18\\lib/3.5/Twilio.Api.dll","C:\\Users\\hibot\\.nuget\\packages\\twilio.workflow.activities/1.0.0\\lib/net40-Client/Twilio.Workflow.Activities.dll"]},{"Package":{"Id":"UiPath.Cognitive.Activities","Version":"2.0.6716.19435"},"Assemblies":["C:\\Users\\hibot\\.nuget\\packages\\newtonsoft.json/10.0.3\\lib/net45/Newtonsoft.Json.dll","C:\\Users\\hibot\\.nuget\\packages\\uipath.cognitive.activities/2.0.6716.19435\\lib/net45/UiPath.Cognitive.Activities.Design.dll","C:\\Users\\hibot\\.nuget\\packages\\uipath.cognitive.activities/2.0.6716.19435\\lib/net45/UiPath.Cognitive.Activities.dll","C:\\Users\\hibot\\.nuget\\packages\\uipath.cognitive.activities/2.0.6716.19435\\lib/net45/UiPath.Cognitive.dll"]},{"Package":{"Id":"UiPath.Credentials.Activities","Version":"1.1.6479.13204"},"Assemblies":["C:\\Users\\hibot\\.nuget\\packages\\credentialmanagement/1.0.2\\lib/net35/CredentialManagement.dll","C:\\Users\\hibot\\.nuget\\packages\\uipath.credentials.activities/1.1.6479.13204\\lib/net40-client/UiPath.Credentials.Activities.dll"]},{"Package":{"Id":"UiPath.Database.Activities","Version":"1.1.6660.26865"},"Assemblies":["C:\\Users\\hibot\\.nuget\\packages\\uipath.database.activities/1.1.6660.26865\\lib/net40-Client/Microsoft.Data.ConnectionUI.Dialog.dll","C:\\Users\\hibot\\.nuget\\packages\\uipath.database.activities/1.1.6660.26865\\lib/net40-Client/UiPath.Database.Activities.Design.dll","C:\\Users\\hibot\\.nuget\\packages\\uipath.database.activities/1.1.6660.26865\\lib/net40-Client/UiPath.Database.Activities.dll","C:\\Users\\hibot\\.nuget\\packages\\uipath.database.activities/1.1.6660.26865\\lib/net40-Client/UiPath.Database.dll"]},{"Package":{"Id":"UiPath.Excel.Activities","Version":"2.3.6682.26635"},"Assemblies":["C:\\Users\\hibot\\.nuget\\packages\\closedxml/0.87.1\\lib/net40/ClosedXML.dll","C:\\Users\\hibot\\.nuget\\packages\\csvhelper/2.13.5\\lib/net40-client/CsvHelper.dll","C:\\Users\\hibot\\.nuget\\packages\\documentformat.openxml/2.5.0\\lib/DocumentFormat.OpenXml.dll","C:\\Users\\hibot\\.nuget\\packages\\epplus/4.0.4\\lib/net20/EPPlus.dll","C:\\Users\\hibot\\.nuget\\packages\\npoi/2.2.1\\lib/net40/NPOI.dll","C:\\Users\\hibot\\.nuget\\packages\\npoi/2.2.1\\lib/net40/NPOI.OOXML.dll","C:\\Users\\hibot\\.nuget\\packages\\npoi/2.2.1\\lib/net40/NPOI.OpenXml4Net.dll","C:\\Users\\hibot\\.nuget\\packages\\npoi/2.2.1\\lib/net40/NPOI.OpenXmlFormats.dll","C:\\Users\\hibot\\.nuget\\packages\\sharpziplib/0.86.0\\lib/20/ICSharpCode.SharpZipLib.dll","C:\\Users\\hibot\\.nuget\\packages\\uipath.excel.activities/2.3.6682.26635\\lib/net452/UiPath.Excel.Activities.Design.dll","C:\\Users\\hibot\\.nuget\\packages\\uipath.excel.activities/2.3.6682.26635\\lib/net452/UiPath.Excel.Activities.dll","C:\\Users\\hibot\\.nuget\\packages\\uipath.excel.activities/2.3.6682.26635\\lib/net452/UiPath.Excel.dll"]},{"Package":{"Id":"UiPath.FTP.Activities","Version":"1.0.6479.13206"},"Assemblies":["C:\\Users\\hibot\\.nuget\\packages\\ssh.net/2013.4.7\\lib/net40/Renci.SshNet.dll","C:\\Users\\hibot\\.nuget\\packages\\system.net.ftpclient/1.0.5281.14359\\lib/net40/System.Net.FtpClient.dll","C:\\Users\\hibot\\.nuget\\packages\\uipath.ftp.activities/1.0.6479.13206\\lib/net40/UiPath.FTP.Activities.Design.dll","C:\\Users\\hibot\\.nuget\\packages\\uipath.ftp.activities/1.0.6479.13206\\lib/net40/UiPath.FTP.Activities.dll"]},{"Package":{"Id":"UiPath.Mail.Activities","Version":"1.1.6562.21018"},"Assemblies":["C:\\Users\\hibot\\.nuget\\packages\\bouncycastle/1.8.1\\lib/BouncyCastle.Crypto.dll","C:\\Users\\hibot\\.nuget\\packages\\microsoft.exchange.webservices/2.2.0\\lib/40/Microsoft.Exchange.WebServices.Auth.dll","C:\\Users\\hibot\\.nuget\\packages\\microsoft.exchange.webservices/2.2.0\\lib/40/Microsoft.Exchange.WebServices.dll","C:\\Users\\hibot\\.nuget\\packages\\uipath.mail.activities/1.1.6562.21018\\lib/net40/MailKit.dll","C:\\Users\\hibot\\.nuget\\packages\\uipath.mail.activities/1.1.6562.21018\\lib/net40/MimeKit.dll","C:\\Users\\hibot\\.nuget\\packages\\uipath.mail.activities/1.1.6562.21018\\lib/net40/UiPath.Mail.Activities.Design.dll","C:\\Users\\hibot\\.nuget\\packages\\uipath.mail.activities/1.1.6562.21018\\lib/net40/UiPath.Mail.Activities.dll","C:\\Users\\hibot\\.nuget\\packages\\uipath.mail.activities/1.1.6562.21018\\lib/net40/UiPath.Mail.dll"]},{"Package":{"Id":"UiPath.PDF.Activities","Version":"1.0.6479.13204"},"Assemblies":["C:\\Users\\hibot\\.nuget\\packages\\uipath.pdf.activities/1.0.6479.13204\\lib/net40-Client/UiPath.PDF.Activities.Design.dll","C:\\Users\\hibot\\.nuget\\packages\\uipath.pdf.activities/1.0.6479.13204\\lib/net40-Client/UiPath.PDF.Activities.dll","C:\\Users\\hibot\\.nuget\\packages\\uipath.pdf.activities/1.0.6479.13204\\lib/net40-Client/UiPath.PDF.dll","C:\\Users\\hibot\\.nuget\\packages\\uipath.pdf.activities/1.0.6479.13204\\lib/net40-Client/x86/pdfium.dll"]},{"Package":{"Id":"UiPath.System.Activities","Version":"18.3.6848.19314"},"Assemblies":["C:\\Users\\hibot\\.nuget\\packages\\csvhelper/2.13.5\\lib/net40-client/CsvHelper.dll","C:\\Users\\hibot\\.nuget\\packages\\microsoft.rest.clientruntime/2.3.10\\lib/net452/Microsoft.Rest.ClientRuntime.dll","C:\\Users\\hibot\\.nuget\\packages\\newtonsoft.json/10.0.3\\lib/net45/Newtonsoft.Json.dll","C:\\Users\\hibot\\.nuget\\packages\\uipath.system.activities/18.3.6848.19314\\lib/net461/ActiproSoftware.Docking.Wpf.dll","C:\\Users\\hibot\\.nuget\\packages\\uipath.system.activities/18.3.6848.19314\\lib/net461/ActiproSoftware.Ribbon.Wpf.dll","C:\\Users\\hibot\\.nuget\\packages\\uipath.system.activities/18.3.6848.19314\\lib/net461/ActiproSoftware.Shared.Wpf.dll","C:\\Users\\hibot\\.nuget\\packages\\uipath.system.activities/18.3.6848.19314\\lib/net461/ActiproSoftware.SyntaxEditor.Addons.DotNet.Wpf.dll","C:\\Users\\hibot\\.nuget\\packages\\uipath.system.activities/18.3.6848.19314\\lib/net461/ActiproSoftware.SyntaxEditor.Wpf.dll","C:\\Users\\hibot\\.nuget\\packages\\uipath.system.activities/18.3.6848.19314\\lib/net461/ActiproSoftware.Text.Addons.DotNet.Wpf.dll","C:\\Users\\hibot\\.nuget\\packages\\uipath.system.activities/18.3.6848.19314\\lib/net461/ActiproSoftware.Text.LLParser.Wpf.dll","C:\\Users\\hibot\\.nuget\\packages\\uipath.system.activities/18.3.6848.19314\\lib/net461/ActiproSoftware.Text.Wpf.dll","C:\\Users\\hibot\\.nuget\\packages\\uipath.system.activities/18.3.6848.19314\\lib/net461/ActiproSoftware.Wizard.Wpf.dll","C:\\Users\\hibot\\.nuget\\packages\\uipath.system.activities/18.3.6848.19314\\lib/net461/UiPath.OrchestratorClient.dll","C:\\Users\\hibot\\.nuget\\packages\\uipath.system.activities/18.3.6848.19314\\lib/net461/UiPath.System.Activities.Design.dll","C:\\Users\\hibot\\.nuget\\packages\\uipath.system.activities/18.3.6848.19314\\lib/net461/UiPath.System.Activities.dll"]},{"Package":{"Id":"UiPath.Terminal.Activities","Version":"1.1.6464.20815"},"Assemblies":["C:\\Users\\hibot\\.nuget\\packages\\fluent.ribbon/3.5.1.198\\lib/net45/Fluent.dll","C:\\Users\\hibot\\.nuget\\packages\\fluent.ribbon/3.5.1.198\\lib/net45/System.Windows.Interactivity.dll","C:\\Users\\hibot\\.nuget\\packages\\uipath.terminal.activities/1.1.6464.20815\\lib/net45/Exceptionless.dll","C:\\Users\\hibot\\.nuget\\packages\\uipath.terminal.activities/1.1.6464.20815\\lib/net45/Exceptionless.Extras.dll","C:\\Users\\hibot\\.nuget\\packages\\uipath.terminal.activities/1.1.6464.20815\\lib/net45/Exceptionless.Portable.dll","C:\\Users\\hibot\\.nuget\\packages\\uipath.terminal.activities/1.1.6464.20815\\lib/net45/NLog.dll","C:\\Users\\hibot\\.nuget\\packages\\uipath.terminal.activities/1.1.6464.20815\\lib/net45/Open3270.dll","C:\\Users\\hibot\\.nuget\\packages\\uipath.terminal.activities/1.1.6464.20815\\lib/net45/UiPath.Terminal.Activities.Design.dll","C:\\Users\\hibot\\.nuget\\packages\\uipath.terminal.activities/1.1.6464.20815\\lib/net45/UiPath.Terminal.Activities.dll","C:\\Users\\hibot\\.nuget\\packages\\uipath.terminal.activities/1.1.6464.20815\\lib/net45/UiPath.Terminal.Attachmate.dll","C:\\Users\\hibot\\.nuget\\packages\\uipath.terminal.activities/1.1.6464.20815\\lib/net45/UiPath.Terminal.AttachmateExtra.dll","C:\\Users\\hibot\\.nuget\\packages\\uipath.terminal.activities/1.1.6464.20815\\lib/net45/UiPath.Terminal.BlueZone.dll","C:\\Users\\hibot\\.nuget\\packages\\uipath.terminal.activities/1.1.6464.20815\\lib/net45/UiPath.Terminal.dll","C:\\Users\\hibot\\.nuget\\packages\\uipath.terminal.activities/1.1.6464.20815\\lib/net45/UiPath.Terminal.IBM.dll"]},{"Package":{"Id":"UiPath.UIAutomation.Activities","Version":"18.3.6848.19335"},"Assemblies":["C:\\Users\\hibot\\.nuget\\packages\\avalonedit/5.0.3\\lib/Net40/ICSharpCode.AvalonEdit.dll","C:\\Users\\hibot\\.nuget\\packages\\caliburn.micro/3.0.1\\lib/net45/Caliburn.Micro.Platform.Core.dll","C:\\Users\\hibot\\.nuget\\packages\\caliburn.micro/3.0.1\\lib/net45/Caliburn.Micro.Platform.dll","C:\\Users\\hibot\\.nuget\\packages\\caliburn.micro/3.0.1\\lib/net45/System.Windows.Interactivity.dll","C:\\Users\\hibot\\.nuget\\packages\\caliburn.micro.core/3.0.1\\lib/net45/Caliburn.Micro.dll","C:\\Users\\hibot\\.nuget\\packages\\extended.wpf.toolkit/2.8.0\\lib/net40/Xceed.Wpf.AvalonDock.dll","C:\\Users\\hibot\\.nuget\\packages\\extended.wpf.toolkit/2.8.0\\lib/net40/Xceed.Wpf.AvalonDock.Themes.Aero.dll","C:\\Users\\hibot\\.nuget\\packages\\extended.wpf.toolkit/2.8.0\\lib/net40/Xceed.Wpf.AvalonDock.Themes.Metro.dll","C:\\Users\\hibot\\.nuget\\packages\\extended.wpf.toolkit/2.8.0\\lib/net40/Xceed.Wpf.AvalonDock.Themes.VS2010.dll","C:\\Users\\hibot\\.nuget\\packages\\extended.wpf.toolkit/2.8.0\\lib/net40/Xceed.Wpf.DataGrid.dll","C:\\Users\\hibot\\.nuget\\packages\\extended.wpf.toolkit/2.8.0\\lib/net40/Xceed.Wpf.Toolkit.dll","C:\\Users\\hibot\\.nuget\\packages\\humanizer.core/2.4.2\\lib/netstandard2.0/Humanizer.dll","C:\\Users\\hibot\\.nuget\\packages\\uipath/9.0.6844.26691\\lib/UiPath.Interop.dll","C:\\Users\\hibot\\.nuget\\packages\\uipath.uiautomation.activities/18.3.6848.19335\\lib/net461/ActiproSoftware.Docking.Wpf.dll","C:\\Users\\hibot\\.nuget\\packages\\uipath.uiautomation.activities/18.3.6848.19335\\lib/net461/ActiproSoftware.Editors.Wpf.dll","C:\\Users\\hibot\\.nuget\\packages\\uipath.uiautomation.activities/18.3.6848.19335\\lib/net461/ActiproSoftware.Ribbon.Wpf.dll","C:\\Users\\hibot\\.nuget\\packages\\uipath.uiautomation.activities/18.3.6848.19335\\lib/net461/ActiproSoftware.Shared.Wpf.dll","C:\\Users\\hibot\\.nuget\\packages\\uipath.uiautomation.activities/18.3.6848.19335\\lib/net461/ActiproSoftware.SyntaxEditor.Addons.DotNet.Wpf.dll","C:\\Users\\hibot\\.nuget\\packages\\uipath.uiautomation.activities/18.3.6848.19335\\lib/net461/ActiproSoftware.SyntaxEditor.Wpf.dll","C:\\Users\\hibot\\.nuget\\packages\\uipath.uiautomation.activities/18.3.6848.19335\\lib/net461/ActiproSoftware.Text.Addons.DotNet.Wpf.dll","C:\\Users\\hibot\\.nuget\\packages\\uipath.uiautomation.activities/18.3.6848.19335\\lib/net461/ActiproSoftware.Text.LLParser.Wpf.dll","C:\\Users\\hibot\\.nuget\\packages\\uipath.uiautomation.activities/18.3.6848.19335\\lib/net461/ActiproSoftware.Text.Wpf.dll","C:\\Users\\hibot\\.nuget\\packages\\uipath.uiautomation.activities/18.3.6848.19335\\lib/net461/ActiproSoftware.Wizard.Wpf.dll","C:\\Users\\hibot\\.nuget\\packages\\uipath.uiautomation.activities/18.3.6848.19335\\lib/net461/UiPath.UIAutomation.Activities.Design.dll","C:\\Users\\hibot\\.nuget\\packages\\uipath.uiautomation.activities/18.3.6848.19335\\lib/net461/UiPath.UiAutomation.Activities.dll","C:\\Users\\hibot\\.nuget\\packages\\uipath.uiautomation.activities/18.3.6848.19335\\lib/net461/UiPath.Wizards.dll","C:\\Users\\hibot\\.nuget\\packages\\uipath.vision/1.1.0\\lib/net452/UiPath.Vision.Core.dll","C:\\Users\\hibot\\.nuget\\packages\\uipath.vision/1.1.0\\lib/net452/UiPath.Vision.dll","C:\\Users\\hibot\\.nuget\\packages\\uipath.vision/1.1.0\\lib/net452/UiPath.Vision.Package.dll"]},{"Package":{"Id":"UiPath.WebAPI.Activities","Version":"1.1.6479.13209"},"Assemblies":["C:\\Users\\hibot\\.nuget\\packages\\avalonedit/5.0.3\\lib/Net40/ICSharpCode.AvalonEdit.dll","C:\\Users\\hibot\\.nuget\\packages\\newtonsoft.json/10.0.3\\lib/net45/Newtonsoft.Json.dll","C:\\Users\\hibot\\.nuget\\packages\\restsharp/105.0.1\\lib/net4/RestSharp.dll","C:\\Users\\hibot\\.nuget\\packages\\uipath.webapi.activities/1.1.6479.13209\\lib/net45/UiPath.Web.Activities.Design.dll","C:\\Users\\hibot\\.nuget\\packages\\uipath.webapi.activities/1.1.6479.13209\\lib/net45/UiPath.Web.Activities.dll","C:\\Users\\hibot\\.nuget\\packages\\uipath.webapi.activities/1.1.6479.13209\\lib/net45/UiPath.Web.dll"]},{"Package":{"Id":"UiPath.Word.Activities","Version":"1.1.6479.13205"},"Assemblies":["C:\\Users\\hibot\\.nuget\\packages\\docx/1.0.0.18\\lib/net40/DocX.dll","C:\\Users\\hibot\\.nuget\\packages\\uipath.word.activities/1.1.6479.13205\\lib/net40-client/UiPath.Word.Activities.Design.dll","C:\\Users\\hibot\\.nuget\\packages\\uipath.word.activities/1.1.6479.13205\\lib/net40-client/UiPath.Word.Activities.dll","C:\\Users\\hibot\\.nuget\\packages\\uipath.word.activities/1.1.6479.13205\\lib/net40-client/UiPath.Word.dll"]}],"Conflicts":[]}